{"type":"Topology","transform":{"scale":[0.0014101566186626312,0.0008970019739358625],"translate":[-124.40926640413788,32.53169524860725]},"arcs":[[[4123,561],[22,-12],[13,-43],[44,-71],[94,-115],[-23,6],[-33,-24],[-49,53],[-54,133],[-14,73]],[[3472,830],[36,-22],[20,-28],[-27,-18],[-51,18],[-13,45],[35,5]],[[4165,1054],[26,-38],[16,5],[76,-44],[1,-21],[42,-59],[-12,-42],[-35,23],[-63,5],[-14,25],[-2,78],[-61,24],[-22,43],[48,1]],[[4385,1375],[-8,-41],[-24,13],[32,28]],[[3097,1668],[6,-43],[37,-7],[9,-47],[-22,1],[-78,-54],[-47,32],[-24,56],[-28,32],[55,7],[19,19],[34,-7],[39,11]],[[2871,1696],[21,-6],[16,-33],[-37,-4],[-60,18],[21,27],[38,19],[1,-21]],[[3244,1708],[87,-24],[19,-25],[37,-7],[16,29],[32,18],[31,-24],[-27,-44],[-70,-10],[-44,-30],[-92,10],[-26,46],[7,26],[-40,31],[11,21],[59,-17]],[[6936,2756],[8,-139],[26,-25],[27,-99],[34,-16],[46,-123],[7,-53],[37,-73],[-7,-34],[10,-36],[20,-5],[40,-47],[109,-104],[-2,-53],[-83,-96],[-72,-68],[-25,-10],[-19,-37],[-6,-47],[-31,-55],[-39,-40],[-5,-24],[23,-57],[-18,-24],[9,-128],[10,-33],[-20,-45],[-12,-75],[-1,-62],[-31,-46],[-33,-93],[-72,-28],[21,-48],[-17,-69],[27,-49],[7,-64],[-16,-129],[21,-40],[27,-14],[65,-6],[24,-18],[21,-38],[11,-121],[-10,-39],[-36,-39],[-9,-77],[-30,-9],[-75,20],[-29,-39],[-394,-47],[-573,-68],[-313,-37],[-423,-50],[-8,94],[-21,60],[-41,17],[13,32],[27,-17],[31,-102],[15,15],[-21,77],[-55,40],[-20,-20],[1,-42],[-14,36],[-1,92],[-18,59],[21,53],[-15,121],[-33,128],[-28,64],[-105,189],[-62,61],[-41,58],[-57,47],[-30,50],[-73,71],[-70,48],[-79,106],[-59,36],[-26,-23],[-8,31],[-23,-6],[-27,-69],[-85,43],[-11,36],[22,35],[3,34],[-37,127],[-27,55],[-44,44],[-93,-1],[-77,-18],[-16,-25],[-33,38],[-59,11],[-109,64],[-27,0],[-58,58],[-5,-8],[-31,80],[-6,42],[-87,71],[-48,62],[-55,24],[-18,21],[-39,7],[-50,-11],[-14,-17],[-57,24],[-64,-12],[-31,30],[-25,3],[-37,28],[-58,-3],[-30,16],[-113,-5],[-127,-20],[-27,79],[-48,36],[-31,-1],[-19,37],[30,104],[2,29],[-26,60],[17,110],[-40,56],[21,104],[8,81],[-10,73],[-43,39],[-31,3],[-11,-19],[-60,48],[-34,52],[21,90],[26,6],[-25,39],[-3,39],[-26,47],[-69,14],[-69,100],[-20,56],[-27,41],[-85,31],[-18,54],[-16,81],[-90,112],[-19,107],[-12,23],[-42,19],[-45,104],[-34,55],[-36,39],[-76,57],[-7,26],[-38,36],[1,44],[-13,88],[-28,111],[20,2],[-5,41],[-31,15],[28,72],[36,-41],[35,37],[17,53],[18,137],[-50,136],[-33,46],[-22,10],[-26,-26],[-34,9],[-18,-16],[-42,8],[-34,24],[-71,91],[-82,128],[-24,23],[-10,65],[13,119],[-32,87],[-13,66],[-27,5],[-14,34],[-1,69],[14,9],[6,71],[-15,129],[37,27],[38,6],[39,-90],[-27,-22],[13,-61],[-7,-27],[18,-43],[71,-23],[14,-28],[28,-13],[-5,-20],[51,-22],[24,-47],[30,-9],[19,18],[-22,43],[-22,2],[-37,84],[-12,95],[-31,52],[-6,-13],[-33,49],[31,17],[-46,5],[-35,22],[3,43],[23,11],[-24,86],[-44,-1],[-27,63],[22,-9],[28,35],[-5,28],[47,-1],[17,31],[35,21],[56,-38],[46,27],[56,9],[82,-17],[36,-20],[104,-16],[-21,26],[25,14],[10,44],[45,17],[16,-41],[-34,-21],[20,-29],[25,54],[63,-49],[-5,25],[-44,22],[-16,36],[-39,10],[-38,-15],[-14,-46],[-30,-24],[-30,16],[69,89],[-82,-68],[-31,11],[-25,-17],[-33,1],[14,23],[-44,-4],[-31,26],[20,14],[-10,29],[-39,-4],[-53,-102],[-42,22],[-58,14],[-21,38],[-68,50],[-10,-22],[-65,-22],[14,-41],[-16,-67],[43,-35],[-34,-18],[9,-31],[-16,-19],[45,-47],[-22,-17],[-20,30],[20,-69],[-41,-18],[-52,64],[-50,37],[-20,-16],[-57,62],[-29,56],[-61,38],[-29,32],[9,-34],[-31,-18],[12,-25],[-46,3],[26,60],[29,107],[-25,104],[66,-119],[47,-65],[-5,26],[-73,133],[-24,25],[-4,32],[-39,52],[-23,-19],[-17,106],[-30,65],[-30,33],[-58,35],[-60,64],[-3,21],[-51,89],[-88,118],[-40,38],[-49,74],[-45,51],[1,47],[26,75],[-33,146],[-23,39],[-27,145],[-14,26],[6,108],[34,112],[-13,58],[-6,106],[-20,29],[-21,129],[-38,36],[-17,47],[-73,116],[-33,26],[-5,47],[-20,33],[-49,25],[-25,40],[-71,66],[-31,41],[11,64],[-12,66],[-31,74],[17,73],[52,152],[51,126],[-14,-68],[32,4],[27,114],[39,4],[26,46],[-50,15],[-48,-117],[-7,11],[40,90],[30,99],[16,117],[-25,21],[-11,88],[27,47],[24,120],[20,164],[-14,95],[10,20],[-25,30],[0,40],[-26,69],[-14,81],[-29,3],[-44,41],[31,82],[12,123],[-9,44],[577,0],[371,0],[371,0],[371,0],[371,0],[371,0],[556,0],[0,-3329],[1,-16],[166,-182],[332,-365],[332,-364],[166,-182],[333,-365],[260,-307],[259,-307],[261,-308],[260,-307],[341,-422],[228,-281],[470,-580],[401,-484]]],"objects":{"ne_10m_USA_states":{"type":"GeometryCollection","geometries":[{"arcs":[[[0]],[[1]],[[2]],[[3]],[[4]],[[5]],[[6]],[[7]]],"type":"MultiPolygon","properties":{"name":"California"},"id":"CA"}]}}}