{"type":"Topology","transform":{"scale":[0.001410042663978803,0.0008969801050014267],"translate":[-87.62701209136765,24.556177386292273]},"arcs":[[[4236,41],[3,-19],[-54,-22],[10,46],[41,-5]],[[4306,147],[35,-55],[-17,-26],[-76,-35],[79,71],[-20,5],[-1,40]],[[4360,130],[-1,-26],[-28,27],[4,27],[25,-28]],[[4641,160],[-38,8],[53,27],[13,-8],[-28,-27]],[[4458,101],[-15,-17],[-1,33],[-47,104],[30,-30],[33,-90]],[[4729,215],[-53,-32],[55,54],[-2,-22]],[[4840,302],[0,-19],[-37,-8],[39,45],[-2,-18]],[[4663,805],[-15,35],[21,-3],[-6,-32]],[[5153,673],[-58,-82],[-15,-3],[-17,-49],[-64,-100],[-18,12],[25,15],[9,39],[21,14],[66,121],[-18,29],[32,-10],[13,49],[34,64],[-11,49],[32,16],[31,51],[16,-9],[-29,-69],[-44,-86],[-5,-51]],[[5255,958],[12,83],[4,-34],[-16,-49]],[[5297,1252],[-18,32],[19,30],[-1,-62]],[[4435,1405],[-19,-24],[-28,10],[7,52],[40,-38]],[[4370,1460],[10,-37],[-47,30],[37,7]],[[4220,1500],[12,-17],[-26,-23],[-8,37],[22,3]],[[4319,1466],[-6,-20],[-9,56],[15,-36]],[[3899,2124],[43,7],[30,-23],[-55,-27],[-57,56],[-15,86],[29,-79],[25,-20]],[[3828,2316],[-13,23],[1,45],[12,-68]],[[3933,2177],[-19,8],[-20,76],[3,28],[-32,103],[23,-8],[22,-45],[-7,-40],[25,-65],[5,-57]],[[3807,2432],[-11,-2],[-3,83],[14,-81]],[[3570,3103],[-10,-3],[-30,50],[-22,58],[19,-16],[43,-89]],[[5291,2944],[-22,30],[-7,44],[-70,221],[-29,168],[-18,49],[-13,80],[-43,138],[10,9],[11,-61],[43,-116],[17,-105],[121,-457]],[[4975,4474],[-33,-147],[-5,-206],[-38,151],[-15,144],[6,31],[73,60],[12,-33]],[[1802,5719],[-16,-58],[-30,12],[-44,49],[43,-5],[10,13],[37,-11]],[[1885,5636],[-60,-2],[47,12],[151,100],[-10,-16],[-70,-42],[-58,-52]],[[2141,5834],[-40,-12],[50,45],[-10,-33]],[[716,6528],[39,-12],[-481,-83],[-27,13],[58,2],[82,19],[41,20],[51,-1],[43,21],[42,1],[122,25],[30,-5]],[[4345,6863],[43,-13],[1,-197],[-17,28],[-3,57],[-22,20],[3,-90],[32,-33],[30,-71],[-3,-36],[15,-31],[-4,-95],[29,-143],[18,-131],[39,-182],[12,-112],[48,-184],[7,-43],[76,-248],[106,-329],[22,-25],[10,-41],[95,-225],[82,-174],[42,-104],[28,-95],[-46,-79],[1,-216],[15,-113],[27,-98],[58,-122],[0,-48],[-22,65],[-21,34],[-7,39],[-42,107],[-28,135],[2,192],[21,141],[-4,89],[-11,28],[-38,11],[-15,-28],[-58,19],[-13,33],[22,111],[-30,16],[-37,39],[14,-144],[22,-59],[22,-176],[20,-86],[26,-86],[227,-703],[25,-169],[105,-355],[-83,52],[22,-39],[44,-7],[31,-57],[21,-13],[51,-184],[-28,-43],[36,-32],[19,-106],[-11,-46],[13,-61],[2,-143],[-15,-34],[-6,-151],[-9,-51],[-2,-98],[-18,-164],[-18,-46],[11,-34],[-11,-327],[0,97],[-9,43],[-25,-47],[-14,-70],[0,-47],[-39,-37],[-19,-85],[-20,-29],[-4,-76],[-22,-63],[12,-61],[-11,-37],[19,-38],[-58,-85],[-22,-82],[-17,24],[-25,-11],[-14,-37],[-14,22],[10,32],[-49,-8],[-18,-59],[-36,1],[-38,-49],[-44,0],[-58,45],[-39,-45],[-41,-4],[-85,-23],[-44,50],[-20,69],[9,78],[12,37],[25,-12],[25,-53],[65,-43],[-2,-30],[31,5],[20,38],[-46,81],[-81,36],[-38,50],[-15,88],[-31,59],[20,28],[-32,12],[-34,157],[-30,4],[-26,51],[26,32],[-19,38],[-34,39],[-30,11],[-33,42],[-10,-14],[-88,68],[-28,-33],[-20,18],[-10,-30],[-22,24],[5,38],[24,-25],[22,46],[-41,8],[-3,37],[-31,51],[-12,80],[-10,-45],[-13,79],[-6,88],[4,49],[-21,55],[5,80],[-27,91],[-4,-57],[-64,42],[-22,3],[10,42],[15,-13],[44,53],[11,59],[48,78],[15,-1],[19,39],[-52,-30],[-45,-69],[-21,-86],[-65,-24],[-17,37],[6,56],[-19,77],[17,155],[0,52],[-28,48],[75,63],[9,34],[-27,-26],[-54,-19],[-44,-31],[-18,50],[-30,-8],[-22,46],[-4,-20],[41,-50],[29,-91],[7,-66],[-11,-19],[-8,43],[-15,-24],[-27,10],[-55,41],[-21,96],[-19,29],[15,-60],[-19,37],[-65,180],[-24,86],[4,36],[-18,4],[-29,68],[15,9],[-23,124],[-51,53],[-38,14],[-21,66],[50,-59],[10,38],[-24,9],[12,19],[49,20],[2,29],[32,95],[41,57],[14,39],[48,67],[4,42],[-21,93],[-20,15],[-24,-42],[1,-80],[-31,4],[-9,21],[4,82],[-18,43],[-40,6],[14,24],[-34,38],[-5,-15],[-28,38],[9,-35],[-9,-39],[33,-3],[-53,-45],[81,-52],[30,5],[-29,-25],[5,-37],[-24,-89],[-6,-55],[-33,0],[-2,39],[-24,10],[-25,48],[-42,49],[4,-31],[42,-64],[23,-83],[-17,8],[-18,80],[-43,60],[-20,95],[18,50],[-3,-55],[24,90],[25,155],[-15,61],[3,52],[17,9],[30,93],[-11,7],[33,122],[16,38],[9,106],[5,143],[8,19],[-5,74],[-32,56],[10,17],[29,-40],[-6,45],[5,54],[-9,30],[-29,14],[-30,52],[1,41],[-21,16],[6,61],[-34,48],[-4,74],[-20,-15],[-15,23],[-30,-13],[-28,20],[-65,-15],[-36,48],[9,21],[-17,40],[-51,36],[-6,42],[-36,76],[-26,35],[-18,-4],[-55,80],[-34,24],[-5,53],[13,61],[-12,37],[-40,16],[-44,38],[-35,55],[-11,68],[-62,106],[-52,43],[-24,34],[-49,14],[-67,58],[-52,58],[-87,-21],[-22,-17],[-18,37],[-41,-7],[-17,-37],[-31,0],[-39,-38],[17,-67],[-66,37],[12,-47],[66,-18],[-4,-50],[-67,22],[-46,0],[-68,-64],[-35,-13],[-57,-68],[-39,-15],[-70,-54],[-3,19],[24,57],[-11,7],[-69,-61],[-24,-38],[-85,7],[-83,-37],[-47,5],[-27,-16],[-33,41],[-13,94],[-2,57],[13,14],[-1,-102],[32,-88],[35,21],[0,96],[-39,101],[-34,52],[-82,52],[28,2],[-135,155],[0,15],[43,-11],[0,-20],[46,-20],[24,-39],[49,-40],[37,28],[-35,24],[-16,-35],[-17,26],[-6,92],[-53,-30],[-25,26],[-29,4],[-53,61],[45,63],[27,-7],[28,45],[17,-1],[-22,46],[-24,-49],[-53,-18],[-9,-22],[-33,81],[-16,-28],[-47,-18],[8,-47],[46,5],[23,-34],[-10,-22],[30,-39],[-27,-17],[-85,85],[-143,100],[-212,84],[-85,13],[-18,16],[69,1],[47,-15],[22,46],[20,-35],[32,-11],[6,44],[29,-29],[54,-32],[7,24],[-27,46],[5,46],[-31,-16],[-18,40],[-11,-14],[-45,6],[-68,-22],[-19,-19],[-22,17],[19,47],[-40,-19],[-14,25],[3,-49],[-75,-39],[-8,-30],[-56,5],[-108,-16],[-40,0],[-110,-21],[-106,-32],[40,36],[42,16],[52,3],[46,52],[33,-20],[-22,35],[-34,13],[-30,44],[20,46],[-24,30],[-28,-105],[-5,-38],[-18,-13],[1,46],[-24,77],[-39,28],[3,-61],[13,-62],[-32,-62],[-43,-20],[1,-38],[-34,-22],[-13,-31],[-101,-28],[-42,-18],[24,31],[35,8],[-25,15],[43,15],[-4,39],[21,34],[37,25],[-10,40],[-43,18],[-15,72],[15,44],[11,69],[-9,38],[-57,48],[-39,75],[-34,46],[-19,46],[20,74],[4,68],[257,0],[451,0],[450,0],[338,0],[338,0],[19,-41],[31,-106],[12,-121],[37,-44],[332,-31],[588,-55],[532,-49],[412,-39],[-5,-27],[29,-77],[-5,-57],[21,-59],[69,-5],[26,15],[3,69],[14,70],[9,98],[-26,82],[5,83],[18,49],[30,11],[3,23],[43,9],[26,-23],[116,-64],[101,-35],[47,3]]],"objects":{"ne_10m_USA_states":{"type":"GeometryCollection","geometries":[{"arcs":[[[0]],[[1]],[[2]],[[3]],[[4]],[[5]],[[6]],[[7]],[[8]],[[9]],[[10]],[[11]],[[12]],[[13]],[[14]],[[15]],[[16]],[[17]],[[18]],[[19]],[[20]],[[21]],[[22]],[[23]],[[24]],[[25]],[[26]]],"type":"MultiPolygon","properties":{"name":"Florida"},"id":"FL"}]}}}