{"type":"Topology","transform":{"scale":[0.0014102551945288494,0.0008970243621677637],"translate":[-94.04315176969278,28.92838845435837]},"arcs":[[[2410,159],[-74,-34],[25,28],[49,6]],[[2573,138],[-36,6],[-32,25],[68,-31]],[[2666,167],[-45,-22],[25,27],[20,-5]],[[2850,321],[0,25],[49,21],[-49,-46]],[[2793,650],[60,-28],[-6,-16],[26,-26],[-17,-5],[-34,38],[-20,-5],[-19,25],[10,17]],[[1589,626],[-27,-7],[-55,52],[-73,43],[-10,30],[16,20],[45,15],[14,22],[48,-11],[52,-50],[48,-12],[-2,-25],[-35,-31],[-6,-42],[-15,-4]],[[3267,941],[-16,-1],[-22,-39],[-4,47],[14,30],[28,-37]],[[3338,985],[41,0],[-9,-45],[-32,45]],[[3374,1109],[36,28],[-5,-21],[-31,-7]],[[3697,983],[-18,-46],[-3,25],[25,77],[0,76],[-19,132],[23,-71],[5,-76],[-13,-117]],[[3419,1276],[24,7],[-3,-34],[-21,-17],[-22,41],[-57,-24],[-9,19],[49,26],[-5,20],[54,44],[-30,-50],[20,-32]],[[3203,1409],[-28,-32],[-55,13],[-46,0],[-29,24],[-2,45],[-53,-6],[-41,37],[-60,0],[-25,64],[-38,42],[-61,28],[-56,3],[-33,-39],[-44,-86],[-52,-62],[-17,-35],[-3,-51],[13,-41],[54,-45],[51,-6],[25,-23],[45,-17],[93,18],[29,13],[48,48],[34,66],[28,-38],[37,-24],[37,85],[5,-15],[-20,-53],[49,23],[-14,30],[19,7],[30,-31],[-51,-81],[-13,-48],[-50,30],[-25,-28],[-3,-35],[20,-53],[31,-5],[42,15],[-15,-38],[30,-44],[48,-3],[31,57],[3,64],[14,25],[34,22],[17,55],[37,-24],[0,-23],[29,23],[5,-30],[-30,-1],[-23,-61],[48,-7],[11,-21],[-45,-25],[19,-30],[12,16],[42,-40],[-34,-52],[15,-38],[-20,-2],[-19,-37],[-5,31],[-26,41],[-62,-87],[-29,0],[-13,-39],[13,-30],[45,-2],[-6,-14],[34,-38],[-39,23],[-61,15],[-56,39],[34,-39],[-10,-7],[35,-46],[-14,-8],[-59,22],[-1,-42],[39,-89],[103,-59],[-15,-68],[20,-18],[58,13],[17,-15],[52,0],[-31,-31],[27,-18],[44,12],[26,-46],[30,41],[34,-69],[29,-30],[-25,-30],[43,-33],[39,10],[16,-23],[-29,-8],[-34,-46],[54,0],[-21,-56],[-33,25],[-37,-80],[12,-57],[-10,-7],[-28,45],[-26,68],[-16,16],[-2,-46],[-43,-16],[-12,-47],[-33,-68],[-28,-21],[4,46],[40,68],[-1,31],[29,15],[24,76],[-24,-7],[-2,53],[-12,-19],[5,-50],[-42,-35],[-11,60],[-20,15],[-48,116],[-1,-33],[-79,29],[-10,33],[-139,34],[43,30],[5,55],[-19,-13],[1,45],[-23,-14],[-17,31],[11,43],[-25,6],[-6,-40],[-34,37],[-45,-4],[-77,71],[-45,0],[-27,47],[-20,-46],[47,-69],[52,-18],[33,-35],[-17,-14],[7,-86],[-19,-61],[-22,-1],[9,-65],[23,5],[-21,-61],[-36,-48],[-70,-51],[-7,51],[-22,40],[14,89],[-14,26],[-12,-40],[-35,65],[-16,11],[-24,-67],[0,61],[-23,58],[-41,-66],[-31,0],[-54,19],[17,-26],[-13,-45],[-16,-1],[-14,-114],[-25,22],[-22,-46],[-70,8],[25,25],[-54,37],[1,-28],[-28,-26],[-32,42],[-38,22],[-20,-10],[9,40],[-23,7],[-14,-31],[-21,-1],[-31,31],[-74,17],[-40,25],[-31,38],[-8,49],[20,-22],[23,15],[23,50],[17,3],[6,-41],[37,-5],[-10,-69],[16,-30],[29,23],[-11,22],[5,53],[-70,74],[-34,101],[12,55],[22,28],[-6,43],[-21,6],[3,-42],[-20,-23],[2,-35],[-14,-45],[-92,49],[10,33],[-85,-26],[-18,5],[13,34],[-20,87],[-31,-14],[-22,12],[10,93],[-39,27],[-66,-5],[-57,-33],[-14,45],[17,52],[18,-24],[-13,52],[-42,7],[-19,-20],[-36,14],[-12,-37],[-60,-30],[-35,-40],[-5,35],[-28,-17],[-15,14],[22,-77],[51,16],[-30,-23],[25,-77],[33,19],[25,-11],[-35,-23],[6,-21],[-51,-1],[-98,-59],[-27,1],[-164,41],[-98,36],[-243,144],[-123,44],[-38,4],[-65,-16],[-77,10],[-74,-8],[-129,-29],[-65,-42],[-34,56],[-6,64],[48,19],[27,36],[16,116],[-27,28],[15,40],[42,65],[10,71],[-14,102],[6,58],[-27,47],[0,70],[32,70],[1,29],[-17,94],[31,39],[17,85],[31,42],[6,53],[26,64],[0,88],[25,51],[-28,72],[45,37],[-32,62],[9,38],[-1,68],[-40,16],[-15,72],[-36,54],[15,56],[-28,45],[-11,51],[-27,33],[13,37],[-38,25],[-31,52],[9,139],[-18,86],[-29,72],[-36,58],[-32,26],[-15,37],[-32,39],[1,1129],[508,1],[633,1],[507,1],[391,1],[-2,-37],[46,-31],[23,-34],[-44,-72],[-17,-97],[11,-26],[35,-8],[16,-33],[-11,-24],[-51,-10],[-2,-62],[45,-78],[-8,-82],[11,-34],[61,-52],[7,-44],[57,-28],[-3,-44],[-32,-43],[-47,-127],[-38,1],[-10,-38],[22,-33],[0,-41],[-16,-38],[-47,-34],[-24,-49],[-47,-65],[-55,-26],[-49,-133],[-22,-185],[-50,-48],[-16,-32],[3,-49],[21,-51],[-20,-114],[-13,-30],[-65,-4],[-12,-26],[32,-55],[-16,-71],[30,-67],[4,-29],[-55,-62],[438,0],[233,0],[436,0],[256,0],[-12,-96],[-17,-41],[-11,-65],[-24,-47],[5,-21],[-20,-84],[24,-54],[-9,-23],[18,-54],[45,-38],[10,-35],[32,-48],[2,-47],[25,-61],[2,-64],[34,-101],[17,-26],[27,4]]],"objects":{"ne_10m_USA_states":{"type":"GeometryCollection","geometries":[{"arcs":[[[0]],[[1]],[[2]],[[3]],[[4]],[[5]],[[6]],[[7]],[[8]],[[9]],[[10]],[[11]]],"type":"MultiPolygon","properties":{"name":"Louisiana"},"id":"LA"}]}}}