{"type":"Topology","transform":{"scale":[0.0014099640994316898,0.0008970153210626615],"translate":[-79.48803338552177,37.13477712328181]},"arcs":[[[2487,957],[-10,-54],[-10,18],[-12,-53],[-18,90],[35,8],[-26,22],[16,20],[25,-51]],[[2456,1136],[-41,8],[24,44],[17,-52]],[[3010,992],[-14,-2],[45,90],[15,72],[46,125],[8,-8],[-25,-60],[-36,-144],[-39,-73]],[[3142,1470],[10,0],[-5,-73],[-20,-57],[15,130]],[[2624,2883],[0,-82],[67,-1323],[156,-8],[276,0],[-24,-18],[10,-47],[-43,24],[52,-73],[-9,-39],[-35,-84],[-31,-9],[7,32],[-39,-38],[-10,-66],[-24,-64],[-31,1],[-31,-111],[-31,-27],[-9,-29],[10,-47],[-20,-29],[22,-8],[-53,-62],[-49,-97],[-103,-182],[-46,-101],[-34,-40],[-2,-39],[19,-15],[-42,-9],[-23,-45],[-26,-126],[-9,-122],[-21,0],[-25,66],[4,51],[-14,47],[23,38],[-20,0],[35,97],[-10,17],[27,133],[31,28],[-29,15],[9,38],[36,22],[8,44],[29,4],[-3,26],[25,35],[-17,15],[25,28],[-15,33],[73,7],[-5,46],[29,0],[-7,55],[-51,22],[78,53],[-28,13],[-81,5],[-50,-50],[-13,22],[22,48],[-29,-7],[28,58],[20,3],[43,56],[0,23],[-26,-26],[-36,-7],[14,53],[32,27],[-95,-4],[-19,-19],[9,65],[77,45],[-42,10],[-20,32],[11,49],[30,65],[4,34],[-63,-97],[-17,-66],[-26,51],[22,36],[-2,42],[-18,-13],[-34,-58],[15,-47],[-15,-39],[-31,57],[-25,16],[-54,94],[-20,1],[0,-44],[-69,145],[10,32],[35,-26],[9,47],[43,24],[7,26],[-28,18],[-22,-29],[-31,7],[21,39],[-15,30],[68,-8],[47,-33],[16,6],[28,-28],[30,-3],[29,46],[1,58],[-22,-63],[-17,-11],[-58,36],[9,38],[-44,-7],[34,38],[-42,-6],[-1,52],[-22,-59],[-27,45],[2,47],[-28,-48],[-26,52],[-22,-98],[1,62],[25,105],[31,39],[1,-21],[33,-35],[28,-57],[30,18],[13,49],[-46,-35],[-8,68],[58,35],[-46,21],[-18,-20],[3,55],[-39,26],[-11,-21],[-46,-18],[0,-57],[-33,-26],[13,119],[29,90],[22,-44],[49,-17],[46,39],[-12,53],[19,14],[54,85],[-47,-31],[-31,7],[-27,-81],[6,-41],[-27,20],[8,28],[-8,77],[-22,27],[43,123],[34,69],[22,8],[20,46],[55,-11],[119,0],[-31,14],[-73,7],[-19,13],[42,65],[44,28],[52,-17],[-39,53],[30,34],[14,51],[-17,-8],[-35,-62],[-68,-77],[1,37],[38,89],[-4,39],[-40,-58],[-53,10],[-26,-70],[39,-27],[-41,-66],[-62,-52],[-14,37],[10,78],[-27,-16],[-9,-83],[15,-33],[-28,-43],[-5,51],[-24,57],[-54,-17],[46,-26],[-23,-63],[-39,12],[24,-58],[-8,-17],[-29,45],[-29,16],[25,-60],[32,-33],[-33,-36],[3,25],[-37,-10],[4,21],[-52,42],[-41,-6],[37,-17],[38,-76],[26,-10],[34,-40],[9,-47],[-68,-15],[75,-42],[8,-27],[-40,-28],[-40,37],[-28,61],[-14,-43],[19,-7],[41,-51],[19,-83],[-53,29],[29,-43],[-2,-21],[-29,13],[4,-59],[27,6],[-8,-41],[-33,-36],[21,-56],[-6,-55],[15,-53],[-2,-112],[11,-35],[81,-125],[-26,-70],[-37,16],[-9,63],[-42,19],[-66,72],[-9,35],[-17,166],[-8,-1],[7,-187],[12,-39],[50,-58],[54,-34],[12,-43],[30,-41],[32,17],[23,-10],[-16,-36],[6,-44],[48,-99],[-14,-20],[11,-86],[-19,16],[-59,83],[0,65],[-25,-57],[-25,30],[-18,-31],[-23,67],[-38,27],[-58,17],[-41,-12],[-35,29],[3,26],[-19,96],[-38,40],[30,-107],[0,-51],[-59,39],[-1,26],[-36,32],[-41,153],[-20,-59],[-32,-19],[-1,63],[-19,-16],[14,-23],[-22,-49],[-42,-27],[-36,32],[-9,112],[28,70],[31,54],[45,21],[17,66],[44,28],[8,105],[81,101],[-94,115],[-55,-69],[-19,34],[-62,24],[-28,69],[-43,22],[-62,7],[-53,56],[-8,50],[34,43],[-5,40],[-44,25],[-21,37],[-76,27],[-49,8],[-12,23],[2,80],[-41,28],[25,60],[-35,-6],[-13,51],[-15,-30],[-15,54],[31,19],[-7,34],[-25,5],[-62,-16],[-29,18],[-54,67],[-33,26],[-57,-9],[-47,-64],[-43,7],[-66,-20],[19,-33],[-34,-9],[15,-27],[-25,-32],[-51,9],[-26,-14],[-75,19],[-52,43],[12,27],[-28,31],[-25,-56],[-45,-72],[-65,-80],[-68,36],[-27,-17],[-17,-41],[-37,-49],[-53,-40],[-31,-53],[-35,-8],[-80,-88],[-20,-8],[8,571],[327,0],[327,0],[328,0],[409,0],[327,0],[491,-1],[407,0]]],"objects":{"ne_10m_USA_states":{"type":"GeometryCollection","geometries":[{"arcs":[[[0]],[[1]],[[2]],[[3]],[[4]]],"type":"MultiPolygon","properties":{"name":"Maryland"},"id":"MD"}]}}}