{"type":"Topology","transform":{"scale":[0.001410174035488232,0.0008970657069917498],"translate":[-71.08488602878941,43.08380902220047]},"arcs":[[[1016,788],[-26,42],[11,27],[19,-17],[-4,-52]],[[972,865],[-11,34],[36,86],[-15,-109],[-10,-11]],[[1738,1042],[-20,1],[8,51],[31,26],[-1,-72],[-18,-6]],[[1615,1063],[-44,12],[1,35],[-30,18],[6,20],[91,-35],[-24,-50]],[[1591,1175],[-15,-20],[-27,16],[-26,-32],[6,41],[51,43],[26,-3],[6,-33],[-21,-12]],[[1873,1223],[38,-20],[-10,-32],[-36,19],[-25,-12],[-11,22],[44,23]],[[1752,1271],[-30,-28],[24,-31],[-42,-21],[-27,22],[-3,53],[24,0],[-3,34],[19,22],[32,-22],[6,-29]],[[1560,1355],[-25,-69],[-3,49],[28,20]],[[1851,1383],[-39,7],[13,54],[26,-61]],[[1560,1390],[-22,2],[23,66],[17,-37],[-18,-31]],[[2047,1365],[-60,-18],[-22,18],[12,-65],[-21,-27],[-62,37],[-15,46],[42,116],[43,36],[29,3],[63,-92],[-9,-54]],[[2495,1535],[-13,-19],[-22,69],[24,10],[11,-60]],[[2701,1693],[-32,0],[13,25],[19,-25]],[[2907,2035],[-19,-11],[-23,31],[5,31],[37,-51]],[[2953,1969],[-13,-13],[-30,38],[16,6],[18,71],[20,16],[3,-74],[-14,-44]],[[2913,2065],[-28,48],[30,43],[25,8],[-27,-99]],[[242,0],[-58,87],[6,87],[-35,35],[-75,125],[10,199],[-35,750],[-55,1192],[48,44],[46,-13],[32,-95],[23,-1],[2,32],[28,60],[-1,72],[15,34],[29,7],[53,-46],[31,8],[2,36],[-40,32],[-17,57],[31,73],[69,88],[130,89],[-2,88],[90,89],[19,65],[-43,38],[4,99],[33,39],[14,38],[-26,79],[32,85],[24,19],[10,59],[81,68],[8,29],[28,241],[11,48],[141,220],[384,600],[32,22],[108,-31],[11,-15],[-9,-99],[19,-90],[95,-65],[102,52],[84,9],[74,61],[52,6],[22,-16],[35,12],[27,63],[34,11],[73,-30],[29,-39],[39,-22],[98,-99],[14,-37],[51,-64],[41,-28],[6,-52],[14,-1199],[18,-35],[-28,-59],[19,-53],[-39,-99],[-29,6],[53,-76],[58,-38],[10,8],[34,-43],[77,-19],[70,11],[11,-78],[-47,-45],[8,-42],[38,-76],[-4,-41],[-29,-76],[84,-130],[26,-13],[30,46],[25,8],[47,-27],[17,-69],[36,-53],[-2,-35],[45,-72],[-16,-46],[-38,18],[3,-36],[-18,-28],[-33,29],[-14,-13],[29,-43],[10,-57],[5,54],[20,-19],[28,27],[6,-54],[16,13],[-11,71],[48,-47],[10,-45],[-39,-54],[-29,0],[-29,-56],[-59,-81],[-51,12],[7,-28],[-48,31],[11,28],[-15,30],[-29,-26],[-6,-69],[-20,-31],[-17,70],[-17,6],[15,-61],[-49,0],[-24,41],[-38,-34],[19,-7],[-2,-79],[-49,-8],[-7,41],[-25,-23],[-22,-53],[-26,42],[8,56],[-33,-52],[5,49],[-41,-9],[-27,-40],[16,-66],[-26,5],[-9,-100],[-15,45],[15,55],[-18,-21],[-7,-66],[-19,29],[-2,73],[-15,-38],[9,-79],[-31,-21],[-29,-54],[-20,46],[-17,80],[0,44],[-33,18],[0,-40],[-22,10],[-3,56],[-20,-60],[-26,61],[-35,9],[-4,-21],[31,-27],[-2,-38],[-58,16],[-22,-47],[-26,-21],[-7,91],[-33,7],[20,-92],[-20,-26],[-4,50],[-29,-30],[-35,6],[23,-60],[-13,-43],[25,-26],[-11,-64],[-66,66],[-35,-2],[-52,44],[-45,-22],[12,61],[35,-2],[-9,33],[48,14],[-14,40],[-34,-23],[-21,-36],[-14,11],[11,48],[41,102],[-3,20],[-39,6],[-31,-119],[-24,17],[-28,-31],[-48,-22],[35,-100],[-44,-41],[-49,-151],[-14,-26],[1,-55],[23,3],[-15,-41],[-31,-13],[-16,-47],[-20,10],[-24,-42],[9,-20],[-51,-25],[31,88],[-14,-1],[-51,-74],[5,44],[-47,-9],[16,39],[-16,9],[4,50],[-27,-38],[6,-27],[-26,-10],[-34,-126],[-24,-51],[-20,70],[-5,-70],[-15,38],[11,58],[-10,23],[27,70],[-3,19],[-37,-81],[-6,-73],[12,-31],[-44,-12],[-21,25],[14,34],[-5,64],[29,79],[-29,-18],[-73,-137],[19,-50],[20,0],[-19,-73],[-19,-19],[-26,154],[-9,96],[28,84],[-35,-25],[-34,-43],[-13,-38],[44,-3],[14,-152],[15,-68],[-34,-73],[-21,62],[10,81],[-9,44],[-34,-11],[20,-47],[-24,-14],[-58,-85],[47,115],[-3,23],[-30,-55],[-8,-36],[-31,-31],[46,91],[8,31],[-39,-24],[14,39],[-38,-36],[-49,-26],[-52,-56],[-19,-46],[-21,-17],[4,-40],[-38,-24],[54,-9],[4,-82],[-47,-5],[-26,-33],[-12,25],[-22,-25],[-10,-45],[5,-46],[29,15],[-94,-121],[-46,-12],[-44,-72],[9,-51],[-65,-150],[-19,-3],[-20,33],[-20,-42]]],"objects":{"ne_10m_USA_states":{"type":"GeometryCollection","geometries":[{"arcs":[[[0]],[[1]],[[2]],[[3]],[[4]],[[5]],[[6]],[[7]],[[8]],[[9]],[[10]],[[11]],[[12]],[[13]],[[14]],[[15]],[[16]]],"type":"MultiPolygon","properties":{"name":"Maine"},"id":"ME"}]}}}