{"type":"Topology","transform":{"scale":[0.0014102471224715111,0.0008970304234907343],"translate":[-90.40939712081362,41.696798963667575]},"arcs":[[[5151,458],[-17,-6],[18,103],[-1,-97]],[[3052,3697],[-32,13],[15,34],[37,-10],[-20,-37]],[[3145,3780],[-21,-15],[-42,76],[29,30],[34,-39],[0,-52]],[[3249,4146],[-10,-13],[-31,59],[41,-46]],[[3456,4350],[-49,-2],[-14,20],[21,88],[26,60],[2,34],[48,-15],[-12,-14],[12,-130],[-34,-41]],[[4924,40],[-301,-14],[-293,-14],[-240,-6],[-117,-6],[0,68],[-433,1],[-440,1],[-571,0],[86,72],[46,58],[38,71],[78,211],[81,141],[54,157],[21,84],[38,265],[-2,284],[-4,44],[-26,67],[-6,44],[-38,133],[50,53],[-71,-14],[-105,314],[-28,98],[15,80],[57,96],[4,41],[-18,126],[7,26],[-50,97],[3,42],[75,88],[103,237],[9,48],[-7,87],[22,100],[-6,55],[-19,60],[10,28],[63,43],[45,-5],[9,38],[9,150],[63,8],[36,67],[64,-38],[20,17],[41,109],[48,58],[36,80],[72,30],[-15,-53],[-29,-24],[17,-92],[-31,-41],[-16,-46],[30,-7],[-3,-31],[-37,-106],[35,-75],[29,136],[21,29],[13,70],[28,-31],[-20,-101],[-25,-40],[-16,-64],[24,-13],[46,94],[32,79],[22,89],[11,102],[-15,141],[5,42],[41,56],[113,69],[31,7],[103,-1],[35,15],[18,29],[-78,19],[-34,35],[-25,63],[0,82],[15,34],[63,58],[34,60],[-34,39],[121,-8],[35,39],[141,-77],[54,-55],[29,-12],[99,4],[67,-35],[53,-72],[6,-37],[32,-45],[108,-4],[33,-19],[38,-47],[54,-22],[34,0],[32,-39],[50,-22],[66,-10],[32,-22],[58,-66],[-18,-46],[36,-75],[26,-10],[14,-68],[-9,-34],[34,-35],[-49,8],[-32,37],[-38,-16],[-18,-75],[22,-58],[61,-60],[24,-66],[15,-145],[-19,-88],[-5,-241],[-23,-87],[-27,-4],[-53,-76],[10,31],[-57,-22],[-15,-39],[-13,-141],[-14,-47],[-61,-19],[-12,-46],[-56,-8],[-34,8],[-29,-16],[-19,-35],[-25,-86],[-13,-171],[28,-51],[131,-76],[29,-6],[52,48],[48,84],[33,-26],[27,68],[34,55],[11,45],[38,53],[-49,22],[63,11],[54,64],[51,2],[58,26],[37,42],[78,20],[80,-48],[49,-50],[37,-67],[12,-57],[25,-65],[41,-316],[23,-87],[15,-194],[35,-194],[43,-95],[1,-38],[-27,-72],[-23,-111],[10,-44],[-9,-67],[-19,-81],[-46,-84],[-49,-15],[25,24],[-20,22],[-5,46],[9,46],[-52,23],[-44,-41],[-34,-15],[21,-78],[-55,-27],[-14,-68],[7,-53],[-12,-51],[-34,-42],[-74,-28],[-59,-81],[-15,-39],[-53,-266],[-32,-13],[5,-54],[-35,1],[-19,-54],[-25,-11],[-35,-74],[-3,-53],[-27,-4],[-2,-30]],[[4261,4575],[31,-17],[-41,-58],[-52,12],[-67,77],[16,12],[113,-26]],[[3504,4589],[-12,-20],[-21,51],[33,-31]],[[4277,4787],[25,-38],[-59,15],[10,39],[24,-16]],[[4855,4882],[12,-52],[47,-27],[-27,-73],[-32,-13],[-83,30],[-22,-20],[-23,15],[-42,-7],[-38,51],[-22,1],[15,40],[43,-32],[19,26],[59,27],[12,35],[-26,32],[65,2],[43,-35]],[[4464,5074],[-20,-12],[-40,62],[10,45],[19,0],[26,-41],[5,-54]],[[2673,5353],[27,-2],[-2,-27],[-51,3],[-16,88],[38,14],[19,-38],[-15,-38]],[[1993,3799],[-39,18],[-52,69],[0,68],[32,90],[20,30],[-29,40],[-53,-31],[-63,-2],[-17,22],[10,70],[40,50],[6,28],[-12,67],[19,19],[-19,73],[13,38],[-76,82],[-43,7],[-20,23],[-74,12],[-10,43],[21,35],[-20,63],[-52,39],[-105,20],[-142,54],[-61,-21],[-79,31],[-73,1],[-200,125],[-295,90],[-414,125],[-61,162],[-18,25],[-62,30],[-11,22],[-42,-8],[-12,46],[34,22],[51,9],[37,26],[126,45],[30,19],[129,131],[29,17],[281,37],[64,33],[58,48],[68,78],[49,-8],[66,22],[58,107],[24,15],[120,111],[34,10],[0,-96],[16,-17],[71,-27],[-8,-72],[44,-30],[15,-42],[-30,-149],[18,-57],[50,64],[-1,20],[35,9],[74,70],[43,32],[21,-2],[-28,-42],[-39,-22],[-41,-87],[17,5],[53,81],[95,21],[114,-11],[76,-22],[33,-21],[13,-30],[39,-5],[11,-35],[22,10],[22,-70],[49,-65],[50,-91],[47,-32],[4,-56],[28,-34],[86,-16],[31,17],[50,-6],[22,31],[52,15],[27,-15],[28,-58],[34,-31],[51,12],[36,34],[41,-45],[35,-4],[-5,-22],[46,31],[34,56],[42,42],[145,76],[97,77],[39,-17],[117,27],[19,13],[268,-30],[33,6],[129,72],[66,24],[54,5],[60,-9],[61,16],[-43,-69],[-12,-131],[9,-38],[-27,-45],[34,-45],[44,16],[22,-25],[57,-27],[34,0],[92,47],[45,-49],[17,-39],[57,26],[47,72],[50,13],[33,-24],[77,50],[62,-22],[-35,-104],[38,-95],[-12,-18],[-72,26],[7,-66],[25,-49],[-56,-44],[29,-43],[17,18],[54,-7],[9,-24],[54,-14],[-15,-63],[37,-50],[75,-41],[-9,-46],[-84,-7],[-142,33],[-95,-2],[-69,24],[-9,-32],[-19,23],[-29,-11],[-5,35],[-82,33],[-15,-14],[-7,-59],[-30,-43],[-3,-106],[-64,26],[-19,40],[-45,22],[-22,39],[-53,60],[-69,24],[-37,25],[-64,7],[-56,38],[-22,-15],[-25,22],[-28,-16],[-71,-3],[-83,-127],[-91,2],[-76,-12],[-15,-51],[-42,28],[-72,21],[-122,-22],[-33,-31],[-54,-133],[-37,-8],[-14,-24],[-55,-18],[-9,-39],[-23,-9],[-38,-59],[8,-60],[-55,36],[-17,32],[26,37],[34,87],[46,-4],[-4,24],[23,73],[-23,27],[-41,-20],[-36,-36],[-43,29],[-29,-3],[-2,-35],[-53,-114],[-68,-28],[-25,16],[5,72],[-15,42],[24,73],[-2,39],[-20,-16],[-13,-57],[-27,-45],[-27,-131],[-57,-35],[-27,-65],[-49,-80],[-13,-53],[-32,-77],[-153,-258],[-30,-19],[3,-77]],[[1901,6394],[10,-17],[-42,-19],[-89,9],[-84,-14],[-9,-14],[58,-31],[-79,-58],[-82,-91],[-28,-4],[-20,-34],[6,-43],[-26,-2],[-19,-37],[-27,-15],[-28,-71],[-34,-50],[-40,70],[47,82],[10,77],[-37,-43],[20,-17],[-10,-32],[-32,-7],[-23,30],[-65,5],[-8,14],[9,96],[56,49],[68,100],[104,72],[25,-8],[28,26],[111,35],[165,0],[41,-22],[24,-36]],[[1350,7218],[30,3],[-96,-88],[5,-35],[-68,-57],[-185,-83],[-39,-39],[63,0],[-158,-76],[-32,3],[-23,31],[44,57],[-44,0],[65,53],[99,58],[139,68],[56,50],[0,-16],[54,47],[43,0],[47,24]]],"objects":{"ne_10m_USA_states":{"type":"GeometryCollection","geometries":[{"arcs":[[[0]],[[1]],[[2]],[[3]],[[4]],[[5]],[[6]],[[7]],[[8]],[[9]],[[10]],[[11]],[[12]],[[13]],[[14]]],"type":"MultiPolygon","properties":{"name":"Michigan"},"id":"MI"}]}}}