{"type":"Topology","transform":{"scale":[0.0014101431963972925,0.0008968897644985183],"translate":[-84.32454503048884,33.84797913554551]},"arcs":[[[4526,77],[-20,-77],[-30,20],[2,29],[28,-3],[20,31]],[[4614,362],[-40,-94],[22,87],[18,7]],[[4944,752],[-81,-64],[-34,-13],[-73,-84],[28,53],[91,78],[69,30]],[[5522,885],[-75,41],[7,14],[48,-22],[20,-33]],[[5420,956],[0,-8],[-104,5],[-193,-59],[33,28],[227,48],[37,-14]],[[5535,856],[-4,25],[83,174],[73,99],[73,69],[-69,-96],[-29,-23],[-39,-56],[-88,-192]],[[5804,1276],[48,92],[25,-15],[-63,-56],[-10,-21]],[[5968,1437],[-77,-69],[19,54],[17,-6],[57,43],[62,31],[-13,-24],[-65,-29]],[[6227,1545],[-30,0],[-106,-51],[42,42],[94,53],[19,20],[25,210],[-5,33],[12,51],[-3,84],[-36,162],[19,-9],[15,-56],[19,-150],[-13,-87],[-14,-187],[-18,-85],[-20,-30]],[[6169,2210],[-24,7],[-14,56],[-36,59],[18,7],[31,-23],[34,-69],[-9,-37]],[[5988,3012],[19,0],[48,-298],[20,-55],[31,-115],[107,-261],[28,-113],[-24,16],[-18,39],[-17,89],[-49,85],[-31,11],[31,13],[-8,32],[-26,10],[-13,57],[3,35],[-25,103],[-32,106],[-4,73],[-25,88],[-15,85]],[[5927,3012],[17,0],[24,0],[6,-60],[-51,5],[-4,31],[-25,25],[33,-1]],[[5881,3013],[-4,-55],[18,-45],[31,-31],[-13,-8],[27,-56],[21,60],[-2,-81],[29,-62],[68,-245],[-38,19],[-21,43],[6,28],[-31,58],[-8,37],[-24,24],[10,21],[-44,31],[21,-34],[12,-81],[-9,-7],[38,-46],[-79,30],[-29,50],[-51,51],[-49,22],[-14,-10],[34,-23],[42,-68],[41,-47],[-50,-43],[-36,4],[-81,88],[69,-122],[-35,0],[-75,43],[-31,40],[-49,31],[20,-46],[87,-76],[-71,-15],[-39,-58],[-41,-20],[-46,5],[-26,50],[-12,-27],[-31,20],[-30,140],[36,118],[-36,39],[19,-42],[-29,-59],[-9,-43],[-1,-74],[17,-69],[17,-27],[11,-54],[-25,-53],[98,0],[24,-7],[60,38],[61,0],[5,-45],[19,14],[63,-22],[-30,36],[16,17],[63,23],[68,7],[36,-18],[-17,-72],[35,14],[-16,-48],[-28,-28],[24,-49],[-4,-29],[-42,-11],[36,-17],[20,-77],[-12,-17],[-61,17],[28,-38],[40,7],[9,-23],[26,89],[3,174],[39,43],[25,-39],[27,5],[-33,49],[45,-17],[-15,24],[10,39],[44,-53],[49,-115],[-15,-68],[12,-78],[-34,-1],[23,-61],[-30,-74],[-40,-9],[11,31],[-30,0],[-14,46],[-8,-65],[-40,-54],[-53,-124],[-19,25],[-15,-41],[8,-23],[-38,-13],[-22,-28],[-84,1],[-30,21],[-32,51],[2,-55],[-15,-23],[-33,37],[29,0],[-16,93],[-29,-62],[-39,-14],[-19,29],[15,15],[-40,28],[11,18],[-22,28],[22,18],[36,-8],[22,39],[-35,-4],[-52,13],[-44,-32],[29,-31],[-9,-30],[19,-24],[-5,-55],[-36,23],[2,25],[-78,-22],[-46,39],[-56,14],[-66,35],[-41,41],[19,-48],[22,-11],[13,-48],[22,16],[29,-10],[62,-53],[42,-13],[45,-34],[140,-47],[19,-46],[-16,-45],[-52,10],[25,-44],[-29,13],[-73,-45],[62,-24],[11,32],[8,-60],[-37,-31],[3,-19],[-111,-101],[-53,4],[-44,39],[-32,46],[-35,21],[-34,63],[-25,14],[57,-105],[41,-92],[96,-39],[31,-36],[34,19],[51,60],[73,-57],[-21,68],[36,4],[20,-27],[4,61],[22,51],[13,-24],[-6,-39],[17,-34],[-32,-20],[18,-33],[44,30],[37,11],[-20,58],[22,-8],[37,-61],[-25,-31],[-25,2],[3,-45],[-41,-41],[-78,-107],[-13,-38],[-31,7],[-16,31],[12,16],[-31,39],[-5,-94],[-25,-11],[-10,77],[-27,7],[-43,-48],[29,14],[19,-46],[-137,16],[-23,-20],[-102,-39],[-29,82],[-17,-87],[-21,12],[0,-29],[-25,-18],[-37,-63],[-59,-37],[-46,31],[49,68],[-44,76],[14,7],[-43,33],[10,-77],[29,-31],[-11,-41],[-34,-3],[13,-43],[30,-19],[3,-39],[-54,-24],[-57,-41],[-94,-103],[-44,-67],[-38,-78],[-34,-44],[-30,-94],[-13,-123],[-13,-60],[-22,-31],[15,79],[-6,87],[6,32],[-25,93],[-5,-32],[10,-122],[0,-56],[-16,-56],[-43,-68],[-76,26],[-80,11],[-57,-17],[-37,14],[-123,-60],[-10,16],[-279,370],[-233,309],[-255,339],[-35,11],[-380,11],[-381,11],[-11,23],[-1,129],[-95,163],[-12,2],[-59,-54],[-17,14],[9,62],[-24,27],[-491,33],[-370,25],[-54,-6],[-25,18],[-31,-45],[-79,-19],[-87,-35],[-47,-57],[-44,5],[-207,-90],[-13,0],[-483,-9],[-375,-6],[17,247],[28,53],[21,12],[22,-15],[75,5],[35,49],[1,35],[18,46],[5,56],[57,45],[26,48],[44,21],[41,33],[117,19],[32,-16],[46,12],[44,49],[38,21],[28,34],[35,7],[36,53],[48,40],[72,41],[66,-2],[35,61],[19,58],[-8,35],[28,33],[48,-25],[28,75],[100,63],[28,-31],[-7,-40],[11,-27],[28,-3],[39,31],[68,113],[73,44],[66,26],[33,-13],[10,-33],[36,-18],[44,43],[71,172],[78,73],[71,-14],[-21,52],[32,106],[-12,42],[40,93],[28,-17],[278,-27],[391,-9],[416,-25],[253,1],[641,2],[660,0],[437,5],[639,7],[248,-3]]],"objects":{"ne_10m_USA_states":{"type":"GeometryCollection","geometries":[{"arcs":[[[0]],[[1]],[[2]],[[3]],[[4]],[[5]],[[6]],[[7]],[[8]],[[9]],[[10]],[[11]],[[12]]],"type":"MultiPolygon","properties":{"name":"North Carolina"},"id":"NC"}]}}}