{"type":"Topology","transform":{"scale":[0.0014102171936382025,0.0008969319038190345],"translate":[-79.7629697803303,40.49944215814122]},"arcs":[[[4519,131],[-130,-47],[5,17],[161,61],[50,5],[-86,-36]],[[4034,150],[15,-35],[-35,-54],[-64,-48],[-36,-13],[1,44],[25,24],[11,76],[14,17],[69,-11]],[[4691,161],[-76,-16],[152,59],[65,37],[120,57],[-18,-18],[-167,-87],[-76,-32]],[[4085,228],[-1,58],[54,135],[-4,-89],[-49,-104]],[[5307,623],[2,-29],[-30,18],[-29,-3],[-9,26],[31,40],[34,-29],[1,-23]],[[5449,664],[-16,-45],[-5,40],[-24,7],[8,26],[37,-28]],[[5330,709],[-30,-25],[-11,21],[-76,-75],[15,-37],[-29,-1],[-5,-52],[-12,22],[-46,-21],[-43,-58],[-31,-28],[43,5],[44,-16],[32,14],[11,36],[23,9],[29,49],[29,5],[-4,35],[44,-31],[26,46],[33,-39],[5,43],[17,8],[34,-59],[41,18],[65,58],[28,-13],[11,29],[33,-14],[-20,-29],[-31,-9],[-112,-60],[-227,-136],[-38,-10],[10,29],[-38,-3],[7,-33],[-36,-29],[-130,-56],[53,30],[-55,12],[-27,-28],[-81,-41],[-7,22],[-41,-27],[-46,9],[-15,-20],[-47,-13],[-21,11],[-20,-34],[-54,17],[-29,-31],[-69,-27],[-134,-28],[-65,-40],[-11,27],[-30,-34],[96,-2],[-5,-10],[-164,-1],[-89,-47],[0,15],[106,50],[14,21],[-43,34],[-45,-39],[11,-36],[-78,-14],[-30,40],[-4,37],[27,64],[20,14],[9,39],[34,50],[34,-13],[27,23],[31,-6],[28,47],[18,-33],[10,33],[-23,11],[9,25],[32,-11],[15,-36],[0,49],[15,35],[80,20],[-21,-29],[49,-16],[8,27],[-12,49],[39,-13],[8,-37],[44,0],[-12,40],[107,-31],[32,12],[18,48],[39,8],[140,-7],[85,2],[124,28],[95,73],[19,34],[23,4],[49,57],[59,22],[10,-28]],[[5526,863],[-20,-24],[-29,-3],[12,31],[72,16],[-35,-20]],[[603,2829],[-37,-67],[-41,38],[8,61],[37,6],[33,-38]],[[2497,3899],[-25,-23],[-2,36],[47,39],[-20,-52]],[[2617,4252],[5,-16],[-61,-39],[-2,32],[58,23]],[[2726,4316],[-73,-78],[-21,44],[64,40],[30,-6]],[[4546,5023],[11,-55],[-23,-76],[-5,-48],[28,-71],[-28,-143],[4,-78],[54,-126],[-2,-44],[-25,-74],[10,-66],[-8,-77],[-36,-38],[-7,-45],[-34,-120],[17,-35],[10,-113],[15,-43],[-5,-61],[15,-33],[-3,-56],[-37,-110],[-2,-60],[12,-27],[25,21],[18,42],[32,-4],[39,-80],[-14,-767],[-16,-74],[17,-58],[-172,-743],[19,-27],[-45,-847],[43,-86],[-170,-128],[57,-114],[-24,-51],[-24,-2],[-38,-48],[-40,-79],[16,-29],[-92,-10],[13,72],[-9,20],[17,48],[18,116],[-2,133],[-14,56],[-44,60],[7,60],[-25,-31],[9,-72],[37,-62],[-2,-68],[9,-124],[-351,254],[-210,153],[-36,88],[-97,15],[-26,34],[-31,9],[-22,30],[-47,114],[5,80],[-10,42],[11,55],[-36,25],[19,34],[-69,58],[-51,3],[-10,73],[-54,40],[0,15],[-507,1],[-385,0],[-579,0],[-482,1],[-386,0],[-579,1],[-219,0],[0,299],[95,79],[49,21],[63,55],[34,53],[39,39],[80,51],[14,24],[60,27],[39,59],[46,89],[82,48],[31,46],[3,53],[-24,69],[-6,50],[-19,30],[35,80],[-20,28],[-78,11],[-28,22],[11,72],[-7,120],[49,10],[91,41],[76,16],[46,26],[220,39],[108,-18],[86,15],[253,-55],[88,-82],[62,-16],[121,46],[272,-15],[26,-28],[12,46],[73,18],[54,41],[27,-16],[32,70],[52,51],[74,41],[50,55],[60,-14],[63,19],[41,54],[-16,41],[30,50],[-29,-22],[-8,52],[8,47],[-28,96],[-39,39],[53,48],[-10,-30],[19,-16],[50,63],[9,44],[43,22],[-7,39],[-44,-30],[-44,0],[44,54],[-12,50],[-34,9],[-46,-26],[-15,-33],[-24,58],[-22,13],[2,39],[123,102],[92,48],[92,92],[48,35],[8,24],[53,50],[-15,56],[65,95],[305,315],[100,68],[50,18],[42,35],[93,42],[90,-13],[244,1],[283,2],[458,4]]],"objects":{"ne_10m_USA_states":{"type":"GeometryCollection","geometries":[{"arcs":[[[0]],[[1]],[[2]],[[3]],[[4]],[[5]],[[6]],[[7]],[[8]],[[9]],[[10]],[[11]],[[12]]],"type":"MultiPolygon","properties":{"name":"New York"},"id":"NY"}]}}}