{"type":"Topology","transform":{"scale":[0.001410251448414136,0.0008970649077844147],"translate":[-106.66258872148475,25.84389777111659]},"arcs":[[[6736,301],[-18,39],[-17,160],[-26,110],[-8,86],[-29,92],[-8,62],[-18,53],[-23,114],[9,17],[-28,66],[8,78],[-13,167],[0,83],[14,70],[6,-285],[24,-195],[73,-347],[29,-189],[20,-108],[5,-73]],[[6725,2017],[-57,-175],[-43,-155],[-23,-136],[-32,-7],[19,133],[80,273],[10,44],[-7,30],[34,-30],[38,120],[50,71],[10,41],[9,-18],[-88,-191]],[[6831,2260],[0,33],[46,84],[-6,38],[41,99],[34,41],[15,-16],[-3,-56],[-63,-98],[-64,-125]],[[7272,2787],[-7,-17],[-75,-44],[-61,-67],[-67,-49],[-55,-66],[-39,-61],[24,70],[-4,60],[69,28],[40,49],[75,61],[24,28],[42,-1],[17,27],[0,32],[17,8],[0,-58]],[[7313,2859],[-14,6],[67,72],[30,5],[-54,-46],[-29,-37]],[[8401,3912],[64,-22],[-118,-121],[-160,-152],[25,53],[98,97],[91,145]],[[8636,8699],[12,-4],[25,-59],[35,-3],[-9,-19],[48,-15],[19,41],[46,-23],[30,22],[24,-18],[41,5],[38,-31],[5,-606],[-2,-1129],[32,-39],[15,-36],[32,-26],[36,-59],[29,-71],[19,-86],[-9,-140],[30,-51],[39,-26],[-13,-37],[27,-33],[10,-51],[28,-45],[-15,-55],[36,-54],[15,-73],[40,-16],[2,-68],[-10,-38],[32,-61],[-45,-38],[28,-72],[-25,-50],[0,-88],[-25,-65],[-6,-53],[-31,-42],[-18,-85],[-31,-38],[18,-94],[-1,-30],[-32,-69],[0,-71],[26,-47],[-6,-58],[14,-102],[-10,-71],[-41,-65],[-16,-40],[-40,1],[-9,-41],[-40,-94],[-10,-66],[4,-33],[40,-59],[11,-35],[-11,-19],[-29,7],[-102,0],[-50,-25],[-60,-46],[-85,-44],[-226,-141],[-26,-26],[-36,-60],[-31,-5],[2,26],[58,77],[56,31],[35,40],[57,9],[-49,45],[-31,-25],[-107,-31],[-4,22],[32,75],[17,94],[-8,62],[-29,34],[-44,0],[-50,-130],[-30,-11],[-13,38],[-55,34],[-26,33],[-8,-41],[55,-42],[-17,-17],[0,-38],[18,-22],[-28,-71],[28,-32],[54,-19],[-11,-24],[-29,-6],[15,-53],[19,22],[19,-46],[49,-30],[-48,2],[-9,-46],[-19,-30],[-16,13],[-81,-128],[-36,-33],[-34,29],[9,-124],[-6,-49],[-71,-71],[-39,-60],[-46,-53],[-28,-9],[-130,-121],[-62,-31],[-91,-4],[-95,-49],[-3,-62],[18,-3],[97,77],[53,18],[-84,-77],[-46,-32],[-73,-24],[-43,-47],[-41,-19],[-67,-53],[41,53],[124,85],[-2,35],[-27,7],[-93,-58],[-49,-13],[16,26],[32,5],[16,21],[-41,-8],[-19,11],[23,61],[-66,-13],[-45,-49],[-32,59],[9,29],[-14,32],[-14,-15],[-20,38],[20,-84],[0,-50],[34,-19],[-54,-33],[-1,43],[-27,-26],[-9,36],[-44,11],[-5,47],[-17,27],[-43,10],[4,-48],[31,-74],[-5,-46],[19,0],[44,-33],[19,-43],[-43,-28],[4,-18],[53,27],[47,-39],[2,-27],[-64,-43],[-113,-85],[-24,8],[-15,81],[-23,12],[-4,27],[-33,50],[-12,-13],[23,-34],[2,-41],[-38,31],[-11,-14],[45,-94],[-14,-58],[13,-42],[-33,-37],[-36,-65],[-46,-27],[24,77],[-10,21],[2,55],[-27,-53],[8,-46],[-17,-45],[-34,7],[9,60],[-9,16],[-36,-45],[-47,-23],[-19,22],[5,-37],[-43,-66],[35,-22],[27,-43],[17,61],[35,19],[16,35],[10,-22],[-3,-65],[-31,-51],[-26,-66],[-56,-112],[-16,-16],[-21,47],[-22,17],[-63,-22],[-9,15],[-108,0],[24,-42],[72,-6],[-6,-32],[27,-66],[63,-38],[3,-32],[-47,-145],[-16,-82],[-11,-17],[-31,-140],[-54,-34],[-25,-29],[-14,13],[58,60],[-20,8],[1,55],[-39,-39],[-19,-38],[-11,12],[-11,-42],[-21,-5],[-6,27],[-56,115],[-40,46],[2,-27],[24,-34],[-2,-23],[34,-59],[-14,-10],[31,-23],[-23,-27],[-52,13],[41,-34],[40,7],[21,-33],[77,-13],[58,44],[-4,-93],[-9,-15],[8,-47],[-36,-30],[12,-94],[-57,-19],[1,-60],[18,-49],[37,-33],[-8,-21],[-39,46],[-5,-83],[29,-9],[18,-47],[22,-120],[8,-74],[15,-74],[-16,-128],[22,-5],[9,-41],[37,-28],[-6,-75],[32,-24],[-10,-25],[15,-46],[-1,-87],[24,-25],[45,-10],[-24,-23],[-10,-47],[17,-50],[36,43],[7,54],[17,5],[9,-122],[-90,-6],[-32,-43],[-31,-10],[6,-68],[-14,-9],[-22,24],[-20,-12],[-16,42],[-52,23],[-31,47],[-21,13],[-20,47],[-40,29],[-62,5],[-25,27],[-99,-8],[-51,8],[-37,-24],[-12,32],[-48,-8],[-51,13],[-55,40],[-28,54],[-27,4],[6,34],[-62,36],[-11,-20],[-15,25],[-63,35],[-42,-22],[-45,38],[9,16],[-34,14],[3,19],[-43,54],[-69,-1],[-49,35],[-34,-7],[-12,15],[-41,1],[-17,30],[14,41],[-18,61],[-36,16],[15,27],[-3,62],[-11,-4],[8,64],[18,11],[-22,42],[42,26],[-3,20],[-33,-12],[-21,-56],[-5,42],[-19,19],[7,46],[-22,53],[10,23],[11,86],[-40,-55],[-19,6],[-17,43],[-27,4],[-16,83],[-63,46],[14,37],[-8,39],[15,92],[-6,42],[-33,58],[-24,16],[17,30],[17,98],[-2,63],[-24,19],[2,82],[-20,35],[-46,46],[-32,-15],[-14,30],[-25,0],[-28,70],[-25,15],[-64,88],[2,24],[-20,44],[8,29],[-43,66],[8,16],[-34,19],[-27,65],[3,20],[-25,30],[-21,66],[-87,58],[-6,40],[-24,8],[-31,52],[4,39],[-31,62],[-21,122],[21,15],[-44,30],[-9,62],[-35,38],[1,19],[-35,72],[-18,108],[-33,72],[-41,61],[-10,43],[4,47],[-14,44],[-12,80],[-23,8],[-44,56],[1,39],[-38,69],[-34,22],[-37,52],[-51,33],[-20,26],[-16,78],[20,28],[48,-10],[13,26],[-22,17],[-4,75],[-11,13],[3,-67],[-43,9],[-14,-56],[-32,2],[-34,28],[-31,58],[-17,-9],[7,56],[-26,34],[-45,-41],[2,48],[-45,31],[-30,85],[1,28],[-29,-8],[-17,23],[-37,-29],[-15,6],[11,34],[-13,20],[-24,-43],[-37,-6],[-115,22],[-8,18],[-58,1],[-30,-16],[-30,22],[-97,-18],[-67,49],[-36,11],[-47,43],[-39,-51],[-3,-41],[-19,-38],[-77,8],[-23,-30],[-14,15],[-38,-27],[-44,-4],[-56,-156],[-13,-13],[-43,-171],[2,-80],[-32,-26],[-11,-75],[28,-52],[-27,-10],[-36,-43],[-15,12],[-33,-73],[-46,-47],[-17,-30],[-13,-69],[-18,-12],[-66,20],[-43,-1],[-6,32],[-23,11],[-21,-19],[-75,65],[-45,74],[-93,28],[-74,68],[5,25],[-17,23],[-95,17],[-92,51],[-34,52],[-24,17],[-39,54],[-12,40],[-39,46],[-59,13],[-67,57],[-8,27],[-53,61],[-28,133],[-38,60],[-10,52],[-31,61],[-13,99],[11,89],[2,91],[-24,57],[-24,23],[-49,129],[-26,41],[-23,150],[-38,70],[-30,7],[-18,63],[-56,36],[-33,54],[-68,58],[-14,-13],[-20,23],[-61,35],[-37,58],[-99,112],[-25,76],[-55,63],[-71,58],[-11,35],[-55,86],[-47,43],[-24,49],[-30,29],[-44,16],[-70,41],[-32,33],[-16,47],[-39,67],[-18,77],[-32,77],[-50,45],[-32,-4],[-23,17],[-33,47],[-34,27],[-17,55],[-27,128],[503,0],[630,1],[630,0],[473,0],[315,0],[7,2015],[10,2944],[-1,55],[30,1],[482,0],[364,0],[388,0],[363,0],[529,0],[2,-2146],[43,8],[40,-19],[120,-150],[23,-40],[56,-11],[38,31],[35,-6],[42,-28],[27,5],[10,72],[31,0],[14,-30],[41,-14],[18,-55],[34,-45],[0,-100],[28,-17],[32,2],[56,-16],[54,8],[53,-46],[112,-38],[47,26],[56,-9],[11,-27],[49,-58],[52,4],[34,65],[18,7],[95,-16],[73,23],[11,-13],[2,-123],[27,-18],[67,-18],[7,-56],[-9,-58],[53,-35],[59,29],[85,107],[28,12],[27,-17],[6,-61],[17,-29],[45,4],[27,-11],[12,-64],[57,-5],[56,50],[18,-22],[40,61],[23,-46],[-19,-65],[13,-56],[30,-39],[36,19],[11,73],[14,10],[-12,50],[41,-4],[22,49],[1,42],[50,18],[18,-16],[24,-75],[41,-1],[35,-27],[40,6],[30,68],[43,-27],[-9,-38],[14,-21],[49,-27],[12,-31],[61,0],[58,-94],[19,18],[8,50],[62,0],[33,65],[36,23],[46,1],[53,33],[20,26],[55,-47],[42,17],[20,-8],[2,39],[41,0],[46,37],[17,-6],[18,31],[35,-30],[-1,-33],[70,-30],[67,-1],[18,30],[44,11],[10,48],[24,17],[47,-21],[76,-76],[47,-16],[77,-118],[83,-25],[34,-47],[28,4],[23,-20],[73,-30],[35,-3]]],"objects":{"ne_10m_USA_states":{"type":"GeometryCollection","geometries":[{"arcs":[[[0]],[[1]],[[2]],[[3]],[[4]],[[5]],[[6]]],"type":"MultiPolygon","properties":{"name":"Texas"},"id":"TX"}]}}}