{"type":"Topology","transform":{"scale":[0.0014101046191800448,0.0008968151323128338],"translate":[-83.66735372644916,36.53977417115829]},"arcs":[[[5502,11],[-24,0],[20,29],[4,-29]],[[5538,730],[30,-9],[-50,-71],[-14,80],[12,96],[22,2],[-18,-71],[18,-27]],[[5661,976],[-28,-46],[38,99],[-10,-53]],[[5679,1052],[-11,3],[29,81],[22,4],[-40,-88]],[[5960,1654],[14,2],[-59,-148],[-34,6],[25,21],[54,119]],[[4207,3112],[50,-8],[75,-27],[22,-37],[43,-25],[5,-40],[-34,-43],[9,-51],[52,-55],[63,-7],[43,-22],[28,-69],[61,-24],[19,-34],[37,-36],[24,-46],[-10,-162],[-49,-10],[-10,-33],[-27,3],[25,-48],[-38,-18],[-15,12],[5,38],[-20,-10],[-29,-81],[-12,-60],[-27,-88],[8,-50],[-26,30],[1,-26],[42,-62],[-37,-6],[67,-21],[58,20],[24,22],[33,1],[32,31],[19,-27],[0,-46],[-27,-9],[37,-51],[25,-11],[8,-63],[51,-37],[89,-18],[12,-27],[41,25],[48,-10],[5,-42],[51,-42],[3,-56],[32,-3],[12,-24],[147,-96],[18,-61],[-10,-41],[-46,38],[-7,-10],[22,-86],[-16,-43],[23,-37],[-29,0],[-10,-34],[13,-50],[-59,23],[-30,29],[-16,42],[-15,-56],[-66,133],[-32,46],[-21,0],[-39,32],[-40,75],[-45,32],[-13,43],[-32,28],[-14,70],[-33,46],[-39,7],[-22,47],[-55,18],[12,-30],[38,1],[17,-51],[50,-16],[28,-41],[-1,-80],[30,-13],[10,-30],[56,-66],[14,-46],[36,-60],[30,1],[4,-37],[39,-18],[24,-46],[7,-50],[34,-43],[67,10],[17,-33],[85,-28],[-25,-18],[-52,-12],[65,-54],[22,26],[-5,-52],[23,-24],[-3,-96],[-23,-47],[-29,73],[-31,-2],[-35,65],[-9,-28],[19,-30],[-30,-21],[30,-36],[16,-75],[-83,-26],[-47,83],[-14,8],[-43,87],[-27,21],[-35,75],[-36,45],[-10,-41],[21,-13],[30,-66],[33,-36],[50,-111],[98,-91],[46,22],[20,-15],[-4,-39],[24,-11],[38,-51],[-33,-31],[41,2],[8,-39],[-19,-62],[-43,-9],[-51,-32],[-17,60],[-50,30],[-62,69],[-4,89],[-27,39],[-53,-15],[-10,-26],[-16,37],[-63,36],[-4,68],[-9,-50],[-41,-37],[-36,75],[-15,12],[-37,-41],[-25,46],[-31,-13],[-61,14],[-21,23],[-17,-37],[70,-31],[61,0],[16,-25],[35,32],[25,-51],[63,-48],[65,0],[28,-47],[31,-16],[21,44],[13,-5],[11,-89],[-13,-42],[10,-27],[62,-17],[15,-35],[40,-47],[13,-52],[-34,-41],[19,-6],[44,36],[57,-4],[21,-37],[23,-13],[-18,38],[12,32],[-21,42],[44,13],[101,-50],[34,-5],[30,26],[33,-26],[21,-117],[68,-241],[8,-47],[-20,1],[-2,61],[-12,22],[-19,92],[-22,14],[-12,-126],[6,-63],[-33,1],[-13,0],[-248,3],[-639,-7],[-437,-5],[-660,0],[-641,-2],[-253,-1],[-416,25],[-391,8],[-278,27],[-28,18],[-174,9],[-34,-23],[-477,3],[-518,3],[-221,2],[31,34],[81,38],[68,8],[51,37],[72,31],[73,14],[39,95],[23,24],[30,0],[87,42],[18,23],[4,64],[27,35],[70,45],[6,77],[54,57],[182,113],[17,15],[274,290],[8,-43],[-21,-26],[30,-34],[6,-74],[41,-44],[36,-61],[51,-12],[25,-38],[52,-35],[70,3],[36,50],[50,16],[31,56],[27,13],[28,-42],[56,-57],[65,40],[73,12],[26,15],[31,-11],[47,34],[12,23],[-11,56],[25,32],[33,-5],[10,-22],[38,-18],[64,49],[80,44],[29,0],[21,-44],[30,29],[86,61],[-5,68],[50,45],[-2,32],[-38,33],[57,163],[147,208],[40,97],[19,101],[88,113],[-5,28],[24,59],[25,18],[27,75],[3,66],[37,101],[59,-27],[34,-70],[0,-29],[147,-60],[12,6],[55,95],[40,136],[36,39],[7,63],[32,76],[37,54],[77,-65],[13,7],[84,152],[33,-14],[26,19],[16,38],[40,24],[23,59],[40,65],[56,73],[-4,38],[8,81],[38,76],[-3,76],[26,46],[344,-342],[72,208]]],"objects":{"ne_10m_USA_states":{"type":"GeometryCollection","geometries":[{"arcs":[[[0]],[[1]],[[2]],[[3]],[[4]],[[5]]],"type":"MultiPolygon","properties":{"name":"Virginia"},"id":"VA"}]}}}