{"type":"Topology","transform":{"scale":[0.0014101215294735484,0.0008969254152598445],"translate":[-124.73445227058242,45.56626089066566]},"arcs":[[[1006,649],[-43,9],[-33,35],[4,19],[72,-63]],[[559,949],[-13,-12],[-24,52],[12,49],[23,-37],[2,-52]],[[1442,1737],[-29,22],[17,41],[23,0],[6,-46],[-17,-17]],[[1329,1797],[-14,-7],[-30,64],[12,55],[41,22],[-16,-62],[16,-25],[-9,-47]],[[1640,2054],[39,-28],[-36,-14],[-37,-38],[-11,48],[-8,-48],[-25,22],[15,111],[28,44],[21,-32],[14,-65]],[[1588,2269],[-18,-31],[-41,31],[0,76],[14,49],[34,-20],[15,-61],[-4,-44]],[[1459,2768],[-3,-46],[-35,39],[-7,35],[28,26],[17,-54]],[[1523,3149],[6,-38],[44,-39],[-1,-31],[-32,-8],[-22,24],[-41,-65],[-51,-18],[91,-32],[26,-93],[8,-117],[18,-5],[6,88],[94,-84],[24,-73],[-25,-47],[-38,3],[-18,75],[-49,-12],[-45,65],[-15,55],[10,61],[-16,38],[-32,-15],[-54,62],[-4,49],[67,151],[49,6]],[[1337,3228],[29,-4],[-14,-45],[-44,7],[5,20],[-39,18],[20,99],[23,21],[12,-29],[8,-87]],[[1447,3319],[-21,6],[-9,47],[15,17],[29,-41],[-14,-29]],[[1236,3286],[-21,-16],[40,-46],[-46,-5],[-29,30],[-33,4],[-27,33],[-16,95],[35,24],[107,-99],[-10,-20]],[[1331,3504],[79,-50],[-39,-39],[-29,-9],[-32,84],[-16,-43],[34,-63],[-51,-10],[-33,51],[-12,-46],[-21,44],[69,80],[51,1]],[[1504,3436],[-14,4],[-59,71],[1,26],[61,-69],[11,-32]],[[5458,3820],[2,-706],[-6,-339],[0,-539],[2,-894],[0,-416],[3,-37],[67,-116],[23,-85],[-6,-46],[-30,-42],[41,-65],[17,-50],[-371,0],[-365,-1],[-366,0],[-404,-1],[-30,-39],[-34,-17],[-177,-3],[-97,-21],[-80,-7],[-50,-55],[-193,-38],[-103,-48],[-34,-7],[-73,-58],[-50,2],[-52,-27],[-68,-5],[-107,24],[-34,-31],[-84,-27],[-36,-30],[-44,-12],[-102,13],[-63,-32],[-28,8],[-22,59],[-49,27],[-211,23],[-105,-22],[-53,13],[-49,-23],[-77,-65],[-206,-85],[-57,23],[-60,1],[-81,38],[-39,-8],[-55,12],[-47,42],[-11,43],[1,90],[-19,42],[4,68],[-23,108],[-31,37],[-17,68],[-25,40],[-40,31],[-45,15],[-58,41],[-49,-8],[-63,-32],[-21,1],[-67,59],[-36,60],[-25,20],[-88,-17],[-42,11],[-21,39],[-51,-36],[-30,12],[-47,-49],[-37,13],[-43,64],[-26,6],[-13,-46],[-28,-2],[12,95],[0,333],[32,-97],[-6,-85],[9,-119],[40,-8],[22,69],[57,-48],[4,21],[-68,63],[25,46],[3,35],[-42,87],[43,-22],[-19,61],[8,27],[48,16],[22,-38],[12,22],[-74,73],[-9,-22],[-45,15],[2,-45],[-85,47],[-6,73],[-21,86],[13,30],[28,-78],[37,-11],[-18,65],[165,76],[-39,12],[-58,-2],[20,13],[-64,4],[-11,50],[-63,16],[-22,-20],[7,-89],[-29,-22],[5,130],[-5,73],[-23,133],[-30,84],[-16,1],[-29,61],[-22,159],[-2,52],[-42,158],[-9,60],[-38,40],[-5,39],[-41,24],[-19,39],[-29,6],[-21,37],[-24,92],[-15,94],[3,28],[-32,78],[32,48],[-11,37],[16,19],[15,63],[-49,58],[2,18],[108,-20],[124,-85],[90,-41],[32,2],[83,-48],[43,-43],[56,-13],[109,-5],[20,-9],[63,13],[83,-33],[22,18],[21,-18],[72,-19],[124,-3],[69,69],[29,7],[-37,-35],[35,-3],[34,-35],[13,-65],[34,-24],[-1,60],[50,3],[50,-73],[2,-38],[21,45],[-37,49],[6,44],[70,25],[14,-27],[-29,-38],[49,-100],[24,-22],[7,-42],[37,-52],[-29,-21],[-49,-85],[-32,-114],[-33,-10],[20,105],[-4,74],[-24,-69],[-20,31],[20,-70],[-16,-15],[-34,-93],[-23,-17],[-56,-77],[-31,-80],[-39,-49],[-29,-104],[22,-18],[39,5],[120,56],[47,41],[-20,5],[-131,-77],[-28,0],[-13,42],[33,58],[29,74],[52,82],[132,80],[21,82],[70,109],[45,19],[-30,99],[61,-45],[12,-81],[30,-85],[-10,-22],[-42,7],[-38,-57],[-40,45],[42,-151],[-17,-25],[-46,86],[-10,-46],[40,-40],[-30,-52],[91,62],[13,-62],[19,-8],[-34,-143],[8,-40],[-30,-22],[18,-40],[-5,-41],[-84,41],[42,88],[-9,7],[-61,-52],[-19,-65],[21,-48],[-14,-52],[-21,-21],[-18,36],[-12,77],[20,25],[-3,76],[-21,21],[-18,-75],[-53,-43],[-20,-84],[-30,-42],[-54,-21],[33,-2],[-6,-25],[67,43],[-37,-88],[29,29],[20,-57],[12,83],[34,38],[-5,-38],[31,39],[67,-85],[50,43],[57,91],[24,77],[0,42],[63,-53],[34,14],[-20,26],[14,23],[50,24],[11,29],[-31,78],[0,48],[-30,100],[22,23],[23,-38],[-10,69],[-38,20],[23,87],[-18,65],[4,40],[43,66],[14,77],[76,50],[15,44],[-33,0],[-72,71],[-16,36],[-9,101],[-43,24],[-22,-47],[6,-54],[53,-47],[25,-53],[-100,85],[-26,45],[-5,88],[73,10],[21,-26],[18,50],[-12,33],[-70,61],[-30,11],[-36,71],[-44,-38],[-27,29],[11,48],[-26,14],[51,34],[37,-65],[9,35],[48,-43],[14,15],[-9,73],[-52,62],[30,-2],[40,-32],[20,29],[-31,60],[-13,56],[-16,8],[18,53],[-22,32],[-45,6],[-33,-57],[-21,23],[14,23],[-33,41],[-12,42],[-42,54],[10,55],[-35,-2],[22,34],[32,-6],[-15,37],[383,0],[467,0],[312,0],[468,0],[467,0],[312,0],[468,0],[623,0],[553,0]]],"objects":{"ne_10m_USA_states":{"type":"GeometryCollection","geometries":[{"arcs":[[[0]],[[1]],[[2]],[[3]],[[4]],[[5]],[[6]],[[7]],[[8]],[[9]],[[10]],[[11]],[[12]],[[13]]],"type":"MultiPolygon","properties":{"name":"Washington"},"id":"WA"}]}}}