{"type":"Topology","transform":{"scale":[0.001410211420759301,0.000896980702046469],"translate":[-92.90212983875769,42.49174643058868]},"arcs":[[[4152,3122],[45,0],[-8,-76],[-27,20],[-16,-55],[9,-49],[-39,8],[34,-46],[-27,-54],[-25,4],[-52,-128],[16,-20],[-29,-24],[-12,-41],[-46,-65],[-29,0],[-26,28],[-23,86],[27,87],[41,59],[16,4],[15,82],[23,50],[33,-8],[35,32],[19,76],[29,46],[17,-16]],[[4233,3267],[48,-7],[0,-84],[-77,8],[12,21],[3,63],[14,-1]],[[1535,4781],[-31,-26],[3,49],[71,58],[54,25],[0,-36],[-36,-10],[-22,-49],[-39,-11]],[[1663,4941],[-70,-3],[15,32],[62,19],[-7,-48]],[[1768,4568],[12,-46],[41,8],[11,-22],[63,-30],[17,-25],[62,-162],[413,-125],[296,-90],[199,-125],[74,-1],[79,-31],[60,21],[143,-54],[105,-20],[51,-39],[21,-63],[-21,-35],[10,-43],[73,-12],[21,-23],[42,-7],[76,-82],[-13,-38],[19,-73],[-19,-19],[12,-67],[-5,-28],[-41,-50],[-9,-70],[17,-22],[63,2],[52,31],[30,-40],[-20,-30],[-32,-90],[0,-68],[52,-69],[38,-18],[-23,-49],[-3,-60],[-36,-33],[-96,-31],[-21,-30],[8,-32],[-51,-82],[-19,-63],[-35,-49],[0,-50],[-22,-41],[-9,-79],[27,-25],[51,9],[13,45],[47,46],[50,24],[34,58],[-6,17],[48,100],[30,35],[72,34],[17,-12],[30,25],[56,-76],[31,-17],[-27,-123],[-53,-96],[-32,-90],[-24,-162],[-22,-76],[5,-39],[34,-64],[-13,-46],[-26,-34],[-62,-54],[-37,-98],[-24,-97],[-6,-114],[22,-50],[0,-77],[-61,-142],[-12,-49],[8,-35],[-11,-45],[-45,-103],[-25,-118],[16,-100],[-11,-60],[20,-31],[-20,-82],[24,-21],[17,-51],[3,-90],[39,-73],[9,-45],[-7,-75],[-21,-57],[4,-180],[-375,4],[-377,4],[-377,5],[-628,6],[-255,3],[11,37],[-55,123],[-65,24],[-121,28],[-56,45],[-25,56],[-4,68],[-43,108],[-15,235],[8,38],[50,95],[0,41],[-18,26],[-61,29],[-38,121],[1,29],[4,55],[-8,130],[7,104],[-24,49],[-1,78],[-10,50],[-47,29],[-33,76],[-51,18],[-44,41],[-86,8],[-124,121],[-80,172],[-108,112],[-38,17],[-83,16],[-41,75],[-45,52],[-135,31],[-31,22],[-73,94],[-63,51],[30,70],[0,79],[14,39],[-10,95],[-21,74],[33,32],[3,47],[-15,43],[15,125],[30,37],[29,85],[0,41],[-35,51],[-24,76],[-94,19],[-13,39],[14,116],[62,67],[19,33],[-3,32],[48,88],[98,49],[31,39],[40,6],[27,40],[46,-6],[18,39],[32,23],[1,643],[40,-2],[20,17],[13,50],[55,56],[37,-50],[67,-37],[121,17],[159,65],[56,9],[98,52],[111,79],[4,-31],[30,23],[14,-26],[20,34],[95,67],[51,0],[7,21],[60,-26],[27,-53],[-17,-9],[-24,-82],[-25,-19],[-14,-63],[8,-46],[-46,-61],[-20,-44],[39,-6],[85,39],[32,37],[0,28],[52,-56],[66,-42],[82,-33],[32,13]],[[1554,4941],[-43,22],[15,32],[24,-16],[4,-38]],[[1384,4996],[-23,16],[28,28],[-5,-44]],[[1751,5043],[-30,-15],[11,69],[37,20],[-2,-54],[-16,-20]]],"objects":{"ne_10m_USA_states":{"type":"GeometryCollection","geometries":[{"arcs":[[[0]],[[1]],[[2]],[[3]],[[4]],[[5]],[[6]],[[7]]],"type":"MultiPolygon","properties":{"name":"Wisconsin"},"id":"WI"}]}}}